Account address,Show boosts
accidentalciso@infosec.exchange,true
agent0x0@infosec.exchange,true
ajohnsocyber@infosec.exchange,true
binitamshah@ioc.exchange,true
blueteamgoon@infosec.exchange,true
Blueteamsherpa@infosec.exchange,true
campuscodi@mastodon.social,true
ChrisJohnRiley@infosec.exchange,true
conrad@infosec.exchange,true
cybergoatpsyops@infosec.exchange,true
da_667@infosec.exchange,true
Dcuthbert@noc.social,true
eric_capuano@infosec.exchange,true
ericconrad@counter.social,true
Fishermansenemy@hackers.town,true
g@irrelephant.co,true
gcluley@mastodon.green,true
gleeda@infosec.exchange,true
gossithedog@infosec.exchange,true
gothmog@xoxo.zone,true
greynoise@infosec.exchange,true
grubbslinger@ioc.exchange,true
gsuberland@chaos.social,true
hacks4pancakes@infosec.exchange,true
howelloneill@infosec.exchange,true
ian@hachyderm.io,true
jerry@infosec.exchange,true
JohnHammond@infosec.exchange,true
kellyshortridge@infosec.exchange,true
kev@fosstodon.org,true
kxynos@mastodon.social,true
lcamtuf@infosec.exchange,true
lennyzeltser@infosec.exchange,true
lindsey@infosec.exchange,true
lorenzofb@mastodon.social,true
malwaretech@infosec.exchange,true
martijn_grooten@mastodon.social,true
mattblaze@federate.social,true
matthew_d_green@ioc.exchange,true
mayahustle@infosec.exchange,true
metacurity@infosec.exchange,true
patrickcmiller@infosec.exchange,true
r0wdy_@infosec.exchange,true
rand0h@infosec.exchange,true
recon_infosec@infosec.exchange,true
sarahjamielewis@mastodon.social,true
sawaba@infosec.exchange,true
sergio@infosec.exchange,true
shortstack@infosec.exchange,true
spacerog@mastodon.social,true
taviso@mastodon.sdf.org,true
thegrugq@infosec.exchange,true
TryCatchHCF@infosec.exchange,true
tsudo@infosec.exchange,true
velocidex@infosec.exchange,true
vincent_andino@infosec.exchange,true
Viss@mastodon.social,true
webbreacher@infosec.exchange,true
Weld@infosec.exchange,true
weslambert@infosec.exchange,true
wimremes@infosec.exchange,true
xor@mastodon.xyz,true
